<?xml version="1.0" encoding="UTF-8"?>
<record><!--Stored by Pulse at 23/03/09 6:33:56 PM--><meta name="handle">116</meta><meta name="symbolicName">zutubi.juniteeReportPostProcessorConfig</meta><value name="caseElement">juniteetestcase</value><value name="failureElement">failure</value><value name="suiteElement">juniteetestsuite</value><value name="classAttribute">classname</value><value name="resolveConflicts">OFF</value><value name="name">junitee xml report processor</value><value name="skippedElement">skipped</value><value name="failOnFailure">true</value><value name="messageAttribute">message</value><value name="nameAttribute">name</value><value name="packageAttribute">package</value><value name="errorElement">error</value><value name="timeAttribute">time</value></record>
